direct_class_qid,direct_class_label,count,sample_item_qid,sample_item_label,decision,eventour_category,needs_review,notes
Q79007,strada urbana,420,Q134621689,Via Carlo Pattellani,,,yes,
Q2651004,palazzo italiano,368,Q71615031,Palazzo Meli Lupi di Soragna,,,yes,
Q16970,chiesa,324,Q134392399,Oratorio di Santa Maria al Portello Vigentino,,,yes,
Q174782,piazza,251,Q48800881,Carrobbio,,,yes,
Q41176,edificio,215,Q130314319,Q130314319,,,yes,
Q3947,casa,170,Q62133434,Corso Monforte 32,,,yes,
Q16560,palazzo,161,Q134392381,Corso Di Porta Vigentina 31,,,yes,
Q385994,biblioteca specializzata,138,Q113319461,Associazione Centro Studi Libertari Giuseppe Pinelli,,,yes,
Q9842,scuola primaria,125,Q52809926,A.S.Novaro E C.C.Ferrucci-Milan,,,yes,
Q27686,albergo,111,Q112018380,AHD Rooms,,,yes,
Q22808403,stazione sotterranea,108,Q1085042,Q1085042,,,yes,
Q928830,stazione metropolitana,106,Q1085042,Q1085042,,,yes,
Q42961155,quartiere di Milano,102,Q93964021,Abbadesse,,,yes,
Q24354,teatro,97,Q78798255,Cinema Teatro Ciak,,,yes,
Q22746,parco cittadino,96,Q134392652,Biblioteca del Grano di Milano,,,yes,
Q166118,archivio,89,Q134400133,"Club alpino italiano. Sezione di Milano, Milano (MI)",,,yes,
Q1622062,biblioteca universitaria,89,Q113298716,Biblioteca Alberto Malliani. Università degli studi di Milano,,,yes,
Q126807,scuola dell'infanzia,89,Q52945064,Asilo Crivelli,,,yes,
Q380829,biblioteca privata,87,Q113515481,Archivio OUTIS. Centro Nazionale di Drammaturgia Contemporanea,,,yes,
Q1497375,complesso di edifici,82,Q134392508,Le Village by CA Milano,,,yes,
Q41253,cinema,58,Q134568734,Cinema Prada,,,yes,
Q721747,targa commemorativa,57,Q138608470,plaque to Ornella Vanoni,,,yes,
Q1169748,cascina,52,Q3625609,Assiano,,,yes,
Q82117,porta cittadina,48,Q3398707,Archi di Porta Nuova,,,yes,
Q56177191,istituto comprensivo,46,Q52780695,"Istituto comprensivo ""G. Pascoli""",,,yes,
Q57775518,scuola secondaria di primo grado,45,Q52782111,Achille Mauri,,,yes,
Q12104567,complesso residenziale,44,Q18222859,Borgo Pirelli,,,yes,
Q5003624,monumento commemorativo,44,Q106734239,"Alla Libertà, alla Pace, al Lavoro",,,yes,
Q124750618,biblioteca di un ente territoriale italiano,41,Q112941454,Biblioteca Comunale Rionale Accursio,,,yes,
Q207694,museo d'arte,41,Q134392652,Biblioteca del Grano di Milano,,,yes,
Q3950,villa,39,Q136327921,Villa Borletti,,,yes,
Q28564,biblioteca pubblica,38,Q112941454,Biblioteca Comunale Rionale Accursio,,,yes,
Q123705,quartiere,38,Q4949177,Bottonuto,,,yes,
Q1244442,edificio scolastico,33,Q112141923,Brefotrofio Provinciale (ex),,,yes,
Q7075,biblioteca,32,Q124358142,"Archivi Musicali della RAI, Milano (I-Mrai)",,,yes,
Q56478984,giardino cittadino,31,Q106830718,Giardini Cesare Pagani,,,yes,
Q860861,scultura,31,Q135022213,Besenzanica grave,,,yes,
Q11303,grattacielo,30,Q88114766,Centro Diaz,,,yes,
Q614316,museo privato,30,Q85859030,ADI Design Museum,,,yes,
Q4989906,monumento,29,Q134392774,Il Cristun de Cement,,,yes,
Q55876909,chiesa parrocchiale cattolica,27,Q860569,abbazia di Chiaravalle,,,yes,
Q33506,museo,26,Q134412777,Ristorante Torre (Prada),,,yes,
Q43229,organizzazione,25,Q136089381,DoDo,,,yes,
Q570116,attrazione turistica,24,Q134392399,Oratorio di Santa Maria al Portello Vigentino,,,yes,
Q105763925,biblioteca di conservazione,23,Q815611,Biblioteca Ambrosiana,,,yes,
Q108860593,museo d'arte moderna,23,Q81172860,Comune di Milano. Castello Sforzesco. Civico gabinetto dei disegni,,,yes,
Q1498804,casa multifamiliare,22,Q128201160,Q128201160,,,yes,
Q1021645,edificio per uffici,22,Q60838261,Bicocca 307,,,yes,
Q179700,statua,22,Q54913920,"Omaggio Alla Citta' Di Milano ""Le Gabbie virtuali Sono Pericolose""",,,yes,
Q2175765,fermata del tram,21,Q131915991,Arcimboldi Ateneo Nuovo,,,yes,
Q1007870,galleria d'arte,20,Q134889047,Atelier TuttoNero,,,yes,
Q3803834,istituto tecnico,20,Q52841801,Ettore Conti,,,yes,
Q16917,ospedale,20,Q3649076,Ca' Granda,,,yes,
Q9826,scuola secondaria di secondo grado,20,Q52800221,Bertrand Russell,,,yes,
Q39614,cimitero,19,Q17630717,Fopponino di Porta Vercellina,,,yes,
Q19860854,ex edificio o struttura,19,Q78798255,Cinema Teatro Ciak,,,yes,
Q34442,strada,19,Q127957241,"Via Corsico, Milan",,,yes,
Q135713224,Q135713224,18,Q85859030,ADI Design Museum,,,yes,
Q1430154,chiostro,18,Q112318788,Chiostri di S. Eustorgio,,,yes,
Q580499,oratorio,18,Q112137362,Edificio via S. Maria Fulcorina 7,,,yes,
Q12518,torre,18,Q112319908,Campanile della chiesa di S. Maurizio al Monastero Maggiore,,,yes,
Q3831968,liceo scientifico,17,Q52972743,Liceo Scientifico De Amicis,,,yes,
Q811534,pianta monumentale,17,Q55741814,bagolaro,,,yes,
Q124750593,biblioteca di un ente pubblico italiano,16,Q113515454,Biblioteca Fondazione I.R.C.C.S. Istituto Neurologico Carlo Besta,,,yes,
Q19730508,comune soppresso,16,Q3606188,Affori,,,yes,
Q149566,scuola media,16,Q52986174,Istituto Tecnico Commerciale De Amicis,,,yes,
Q55488,stazione ferroviaria,16,Q112142863,Stazione ferroviaria Milano-Monza (ex),,,yes,
Q200334,torre campanaria,16,Q112318767,Campanile dei canonici di S. Ambrogio,,,yes,
Q108325,cappella,15,Q119075293,Cappella Istituto Piccolo Cottolengo Don Orione,,,yes,
Q317557,chiesa parrocchiale,15,Q3896407,basilica dei Santi Nereo e Achilleo,,,yes,
Q3685476,comune italiano soppresso,15,Q3697039,Crescenzago,,,yes,
Q163740,organizzazione non a scopo di lucro,15,Q30268785,Allegria,,,yes,
Q13402009,edificio d’appartamenti,14,Q59471675,Casa Corbellini-Wassermann,,,yes,
Q35112127,edificio storico,14,Q104864941,Palazzina Appiani,,,yes,
Q124830213,museo di un ente pubblico,14,Q604908,Civico museo archeologico di Milano,,,yes,
Q120560,basilica minore,13,Q3896407,basilica dei Santi Nereo e Achilleo,,,yes,
Q1128397,convento,13,Q134392508,Le Village by CA Milano,,,yes,
Q111189609,palazzina,13,Q112139240,Casa via Mozart 17,,,yes,
Q52815,cinema a luci rosse,12,Q55993497,Cinema ABC,,,yes,
Q116867856,nucleo di identità locale di Milano,12,Q18491142,Cantalupa,,,yes,
Q276173,padiglione,12,Q112318859,Edifici di via Mangiagalli. 14,,,yes,
Q22698,parco,12,Q126724008,Foresta di Bambù,,,yes,
Q839954,sito archeologico,12,Q3748448,Foro romano di Milano,,,yes,
Q4287745,organizzazione per la salute,11,Q30269681,Centro Clinico Nemo,,,yes,
Q11707,ristorante,11,Q130308172,Bar Gattullo,,,yes,
Q3914,scuola,11,Q4744942,American School of Milan,,,yes,
Q2087181,casa museo,10,Q3678764,Civica raccolta delle stampe Achille Bertarelli,,,yes,
Q131263,caserma,10,Q112143546,Caserma Carroccio,,,yes,
Q597052,galleria commerciale,10,Q107100086,Galleria Ciro Fontana,,,yes,
Q44613,monastero,10,Q112140054,Edifici in via Gesù 6-8,,,yes,
Q92755865,museo religioso,10,Q55376526,Galleria d'arte sacra dei contemporanei,,,yes,
Q21000333,strada commerciale,10,Q56697587,corso Italia,,,yes,
Q230752,auditorium,9,Q120070614,Auditorium Di Vittorio - Camera Del Lavoro,,,yes,
Q684740,bene immobile,9,Q20008149,Armani Silos,,,yes,
Q1497364,complesso edilizio,9,Q2501413,Bosco Verticale,,,yes,
Q3803808,istituto professionale,9,Q52806985,Frisi,,,yes,
Q8719053,luogo per eventi musicali,9,Q16163709,Alcatraz,,,yes,
Q610625,municipio di Milano,9,Q2494319,Municipio 1 di Milano,,,yes,
Q281460,organo a canne,9,Q112146967,Mascioni opus 1049,,,yes,
Q210272,patrimonio culturale,9,Q134392399,Oratorio di Santa Maria al Portello Vigentino,,,yes,
Q1068842,ponte pedonale,9,Q55832162,Ponte degli artisti,,,yes,
Q55491,stazione ferroviaria sotterranea,9,Q131915991,Arcimboldi Ateneo Nuovo,,,yes,
Q153562,teatro d'opera,9,Q1049376,Dal Verme,,,yes,
Q12377751,edificio in costruzione,8,Q134583697,Palazzo Louis Vuitton,,,yes,
Q157031,fondazione,8,Q112944233,Fondazione Achille Castiglioni,,,yes,
Q1076486,impianto sportivo,8,Q134888957,Mincio sport center,,,yes,
Q167346,orto botanico,8,Q7105052,Orto Botanico Didattico Sperimentale dell'Università di Milano,,,yes,
Q12280,ponte,8,Q137302223,Cavalcavia Pontinia,,,yes,
Q13226383,servizio,8,Q30252791,FIRC Institute of Molecular Oncology,,,yes,
Q4312270,stazione ferroviaria di superficie,8,Q3970109,stazione di Milano Affori,,,yes,
Q57644089,chiesa demolita,7,Q18005255,chiesa di San Protaso ad Monachos,,,yes,
Q11755880,edificio abitativo,7,Q26258054,Palazzo Veronesi,,,yes,
Q19899465,ex chiesa,7,Q16540052,chiesa di San Carpoforo,,,yes,
Q483453,fontana,7,Q3747330,Fontana a Pinocchio,,,yes,
Q111189432,villino,7,Q112140022,Casa Brindicci Bolzani,,,yes,
Q3480610,Sestiere di Milano,6,Q45926510,Sestiere di Porta Comasina,,,yes,
Q607241,canonica,6,Q112318686,Canonica della chiesa di S. Giorgio al Palazzo,,,yes,
Q3661326,casa in linea,6,Q19678138,casa Comolli-Rustici,,,yes,
Q742421,compagnia teatrale,6,Q3982292,Elfo Puccini Teatro D'arte Contemporanea,,,yes,
Q55678,fermata ferroviaria,6,Q3970116,stazione di Milano Forlanini,,,yes,
Q19720191,grande editore,6,Q355301,Adelphi,,,yes,
Q5518,liceo classico,6,Q52828516,Liceo classico Emanuela Setti Carraro dalla Chiesa,,,yes,
Q12104174,museo etnografico,6,Q22811468,MUDEC - Museo delle Culture,,,yes,
Q16735822,museo storico,6,Q81172862,Comune di Milano. Civiche raccolte storiche,,,yes,
Q185600,portico,6,Q112318443,Atrio della Basilica di S. Ambrogio,,,yes,
Q3803750,Istituto di ricovero e cura a carattere scientifico,5,Q124362082,IRCCS Ospedale Galeazzi - Sant'Ambrogio,,,yes,
Q124750614,biblioteca di un ente di ricerca pubblico italiano,5,Q113515454,Biblioteca Fondazione I.R.C.C.S. Istituto Neurologico Carlo Besta,,,yes,
Q40357,carcere,5,Q136670499,Carcere di Bollate,,,yes,
Q1088552,chiesa cattolica,5,Q137918520,Chiesa di San Vittore agli Olmi,,,yes,
Q27028153,deposito tranviario,5,Q42905781,deposito ATM Baggio,,,yes,
Q1107656,giardino,5,Q105266008,Giardino Maria Peron e Suor Giovanna Mosna,,,yes,
Q6881511,impresa,5,Q136089381,DoDo,,,yes,
Q11822917,ippodromo,5,Q112173067,Ippodromi di S. Siro,,,yes,
Q4671277,istituzione accademica,5,Q3603990,Accademia dei Filodrammatici,,,yes,
Q2385804,istituzione educativa,5,Q30267069,International School of Europe,,,yes,
Q59861107,mostra d'arte temporanea,5,Q134567572,Da Boldini a Segantini,,,yes,
Q2398990,museo della tecnologia,5,Q134567329,STEP FuturAbility,,,yes,
Q15848826,palazzo cittadino,5,Q1228184,Palazzo Castiglioni,,,yes,
Q697295,santuario,5,Q129948102,Santuario di Santa Maria Bambina,,,yes,
Q22808404,stazione di superficie,5,Q2258190,Cascina Gobba,,,yes,
Q55485,stazione di testa,5,Q801185,stazione di Milano Cadorna,,,yes,
Q87648631,Azienda Socio Sanitaria Territoriale,4,Q87648629,ASST Fatebenefratelli Sacco,,,yes,
Q187456,bar,4,Q2404922,Bar Basso,,,yes,
Q1043639,bar gay,4,Q64454314,Blanco,,,yes,
Q210077,battistero,4,Q119075272,Battistero della Basilica dei Santi Nereo e Achilleo,,,yes,
Q124750711,biblioteca del Ministero della Cultura italiano,4,Q113528704,Biblioteca dell'Accademia di belle arti di Brera,,,yes,
Q1076099,biblioteca scolastica,4,Q113359644,"Biblioteca ""Regina Gani"" del Liceo Classico statale ""Alessandro Manzoni""",,,yes,
Q12284,canale artificiale,4,Q45330679,Naviglio Vallone,,,yes,
Q2085381,casa editrice,4,Q3633270,Baldini+Castoldi,,,yes,
Q1320047,casa editrice libraria,4,Q355301,Adelphi,,,yes,
Q1329623,centro culturale,4,Q112143534,Archivio civico,,,yes,
Q7328910,collezione d'arte,4,Q3890691,Palazzo Pozzobonelli-Isimbardi,,,yes,
Q372690,consolato generale,4,Q131396639,"Consulate General of Germany, Milan",,,yes,
Q149621,distretto,4,Q3635103,Barona,,,yes,
Q24699794,edificio museale,4,Q18215298,Casino Ricordi,,,yes,
Q1154710,impianto di calcio,4,Q1088761,Arena Civica,,,yes,
Q10354598,insediamento rurale,4,Q3625609,Assiano,,,yes,
Q486972,insediamento umano,4,Q18491188,Cascina Cascinetta,,,yes,
Q31855,istituto di ricerca,4,Q30297158,Istituto di Scienze e Tecnologie Molecolari,,,yes,
Q3215290,lago artificiale,4,Q41868039,Darsena,,,yes,
Q162875,mausoleo,4,Q954402,Civico Mausoleo Palanti,,,yes,
Q575759,memoriale di guerra,4,Q131407639,Memoriale ai ferrovieri del compartimento di Milano caduti per la Patria,,,yes,
Q3329412,museo archeologico,4,Q2853355,Antiquarium di Milano,,,yes,
Q1970365,museo di storia naturale,4,Q64563488,"Museo delle collezioni mineralogiche, gemmologiche, petrografiche e giacimentologiche del Dipartimento di Scienze della Terra ""Ardito Desio""",,,yes,
Q11734477,pietra commemorativa,4,Q56642073,cippo a Chico Mendes Filho,,,yes,
Q46124,sanatorio,4,Q112143354,Casa di Ricovero per Inabili al Lavoro (ex),,,yes,
Q205495,stazione di servizio,4,Q106611008,Stazione di servizio AGIP di Piazzale Accursio,,,yes,
Q4663385,stazione ferroviaria dismessa,4,Q3970114,stazione di Milano Centrale (1864),,,yes,
Q11635,teatro,4,Q134392679,Il Politeatro Milano,,,yes,
Q3918,università,4,Q45745121,Istituto di Moda Burgo,,,yes,
Q3685970,Conca di navigazione,3,Q42156018,Conca Fallata,,,yes,
Q2143781,accademia teatrale,3,Q3953247,Civica Scuola di Teatro Paolo Grassi,,,yes,
Q3621673,archivio storico,3,Q3621644,Archivio Storico Ricordi,,,yes,
Q3627283,associazione di promozione sociale,3,Q136512995,Associazione Joint,,,yes,
Q2223653,attentato terroristico,3,Q24935237,Attentato a Vittorio Emanuele III,,,yes,
Q4830453,azienda,3,Q894874,Bottega Veneta,,,yes,
Q163687,basilica,3,Q1255602,basilica di San Babila,,,yes,
Q131183,cabaret,3,Q4024101,Area Zelig Cabaret,,,yes,
Q8524,campo da calcio,3,Q20008180,campo Acquabella,,,yes,
Q21234103,casa di ringhiera,3,Q112143522,Casa Ripa di Porta Ticinese 83,,,yes,
Q837142,casa di riposo,3,Q112142465,Casa di riposo per musicisti G. Verdi,,,yes,
Q1408475,casaforte,3,Q112138478,Casa Brivio e annessi,,,yes,
Q1364150,casello,3,Q205844,Porta Garibaldi,,,yes,
Q1195942,caserma dei Vigili del Fuoco,3,Q112140017,Caserma Santa Barbara,,,yes,
Q3685477,comuni soppressi della Lombardia,3,Q17623941,Casa Nuova,,,yes,
Q309250,cortile,3,Q113136747,Cortile della Rocchetta,,,yes,
Q124282,darsena,3,Q41868039,Darsena,,,yes,
Q1191753,deposito autobus,3,Q3705679,deposito ATM Molino,,,yes,
Q4530848,deposito della metropolitana,3,Q3705677,deposito ATM Famagosta,,,yes,
Q1228895,discoteca,3,Q16163709,Alcatraz,,,yes,
Q14752696,edificio romano,3,Q3748448,Foro romano di Milano,,,yes,
Q96352496,ex edificio religioso,3,Q112172649,Monastero Olivetano di S. Vittore al Corpo (ex),,,yes,
Q64654999,ex teatro,3,Q16590119,Piccola Scala,,,yes,
Q22733,garage,3,Q112044659,Garage Traversi,,,yes,
Q2282602,gruppo di case,3,Q55100771,Quartiere Argonne,,,yes,
Q3152824,istituzione culturale,3,Q58229341,Goethe-Institut Milan,,,yes,
Q44494,mulino,3,Q112142702,Cascina Molino San Gregorio,,,yes,
Q57346,mura,3,Q42340375,Mura medievali di Milano,,,yes,
Q124830411,museo del Ministero della Cultura italiano,3,Q55388576,Museo del Cenacolo Vinciano,,,yes,
Q1662089,museo dell'industria,3,Q134567329,STEP FuturAbility,,,yes,
Q3867560,museo nazionale italiano,3,Q55388576,Museo del Cenacolo Vinciano,,,yes,
Q622425,night club,3,Q130776383,Fabrique,,,yes,
Q180370,ospitale,3,Q3649076,Ca' Granda,,,yes,
Q7540126,quartier generale,3,Q134583012,Deloitte Italy,,,yes,
Q464780,zecca,3,Q4023993,Zecca di Mediolanum,,,yes,
Q1413606,Campionati del mondo di canottaggio,2,Q634587,1988 World Rowing Championships,,,yes,
Q16996980,Innovation District,2,Q65127945,MIND,,,yes,
Q16585744,Padiglioni nazionali dell'Expo 2015,2,Q28152305,Czech Republic pavilion of Expo 2015,,,yes,
Q137592217,Winter Olympic Games edition,2,Q4630399,XXV Giochi olimpici invernali,,,yes,
Q383092,accademia di belle arti,2,Q134889047,Atelier TuttoNero,,,yes,
Q143912,arco trionfale,2,Q776576,Arco della Pace,,,yes,
Q1192284,area gastronomica,2,Q123385015,Mercato Centrale Milano,,,yes,
Q3498109,arena di hockey su ghiaccio,2,Q3967938,stadio del ghiaccio Agorà,,,yes,
Q48204,associazione,2,Q3661251,Casa della Cultura,,,yes,
Q81851,baluardo,2,Q106734164,bastioni di Porta Venezia,,,yes,
Q7094076,base di dati online,2,Q5449767,Finarte,,,yes,
Q20918933,basilica paleocristiana,2,Q810080,basilica di San Lorenzo,,,yes,
Q336764,bivio ferroviario,2,Q134873612,Bivio Lambro,,,yes,
Q893555,borgo,2,Q3927979,Quintosole,,,yes,
Q3644180,brefotrofio,2,Q116153015,Ospedale Macedonio Melloni,,,yes,
Q263529,broletto,2,Q3889807,palazzo Carmagnola,,,yes,
Q30022,caffetteria,2,Q24941343,Caffè Martini,,,yes,
Q5031069,canale artificiale ad anello,2,Q3665046,Cerchia dei Navigli,,,yes,
Q875016,casa a schiera,2,Q112319606,Case coloniche della Cascina Battivacco,,,yes,
Q9209474,casa d'aste,2,Q5449767,Finarte,,,yes,
Q23413,castello,2,Q23354,Castello Sforzesco,,,yes,
Q11315,centro commerciale,2,Q4546860,10 Corso Como,,,yes,
Q2069494,centro siderurgico,2,Q18199019,HangarBicocca,,,yes,
Q8570536,centro sociale autogestito in Italia,2,Q116257382,Cox 18,,,yes,
Q56242063,chiesa protestante,2,Q112138510,chiesa Protestante Luterana,,,yes,
Q1129743,chiesa sussidiaria,2,Q122937753,chiesa di Santa Maria Maddalena,,,yes,
Q1153108,cinema multisala,2,Q56034869,Cinema Plinius,,,yes,
Q1774898,clinica,2,Q89207768,Clinica Capitanio,,,yes,
Q269770,collegio scolastico,2,Q115169614,Scuola Europa di Milano,,,yes,
Q56856618,commercial art gallery,2,Q134930824,Bottegantica,,,yes,
Q29845814,deposito filobus,2,Q3705680,deposito ATM Molise,,,yes,
Q10283556,deposito locomotive,2,Q3705680,deposito ATM Molise,,,yes,
Q21540699,design school,2,Q5291382,Domus Academy,,,yes,
Q2467461,dipartimento universitario,2,Q33121382,Dipartimento di Design,,,yes,
Q3305213,dipinto,2,Q117034670,Madonna col Bambino in trono,,,yes,
Q18761864,edificio bancario,2,Q26258027,Palazzo della Banca Popolare di Milano,,,yes,
Q1570262,edificio incompiuto,2,Q3678603,CityLife,,,yes,
Q1662011,edificio industriale,2,Q106637188,Manifattura Tabacchi,,,yes,
Q1220959,edificio pubblico,2,Q84701368,Palazzo dei Sindacati dell'Industria,,,yes,
Q172754,esposizione universale,2,Q2300366,Expo 1906,,,yes,
Q83405,fabbrica,2,Q133545536,Q133545536,,,yes,
Q65464941,fermata ferroviaria dismessa,2,Q19841970,stazione di Chiaravalle Milanese,,,yes,
Q1303167,fienile,2,Q112319632,Stalla grande con portico della Cascina Ronchetto,,,yes,
Q57821,fortificazione,2,Q113136749,Passaggio della Martesana,,,yes,
Q15848816,fossato cittadino,2,Q3665046,Cerchia dei Navigli,,,yes,
Q55177716,giardino pubblico,2,Q131904989,Giardino Yitzhak Rabin,,,yes,
Q15303456,impianto di rugby a 15,2,Q1088761,Arena Civica,,,yes,
Q1049757,impianto sportivo polivalente,2,Q3832081,Lido di Milano,,,yes,
Q27951514,indoor arena,2,Q3889354,PalaLido,,,yes,
Q369730,isola pedonale,2,Q94436668,Piazza San Giovanni,,,yes,
Q23397,lago,2,Q134567217,Laghetto del Parco della Vettabbia,,,yes,
Q3835958,locale di pubblico spettacolo,2,Q4024101,Area Zelig Cabaret,,,yes,
Q19720190,medio editore,2,Q959524,Università commerciale Luigi Bocconi,,,yes,
Q3240892,misura,2,Q130308172,Bar Gattullo,,,yes,
Q1885014,monumento di avvertimento,2,Q28668109,monumento ai caduti a Niguarda,,,yes,
Q1200701,museo del design,2,Q85859030,ADI Design Museum,,,yes,
Q588140,museo scientifico,2,Q3906237,civico planetario Ulrico Hoepli,,,yes,
Q618123,oggetto geografico,2,Q30347445,DoubleTree by Hilton Hotel Milan,,,yes,
Q1139665,omicidio politico,2,Q30880277,assassinio di Galeazzo Maria Sforza,,,yes,
Q838948,opera d'arte,2,Q110897256,La Casa Astratta,,,yes,
Q1059324,ospedale universitario,2,Q1413761,Policlinico di Milano,,,yes,
Q25550691,palazzo comunale,2,Q1403582,Palazzo Marino,,,yes,
Q112132542,palazzo museo,2,Q55376526,Galleria d'arte sacra dei contemporanei,,,yes,
Q1976594,parco tecnologico,2,Q65127945,MIND,,,yes,
Q155076,persona giuridica,2,Q3963780,Società d'incoraggiamento d'arti e mestieri,,,yes,
Q740437,pinacoteca,2,Q1085811,Pinacoteca Ambrosiana,,,yes,
Q1501,piscina,2,Q125510147,Bagni Misteriosi,,,yes,
Q537127,ponte stradale,2,Q101565210,cavalcavia Bacula,,,yes,
Q283202,porto naturale,2,Q41868039,Darsena,,,yes,
Q39015397,posto di movimento,2,Q112872135,P.M. Ghisolfa,,,yes,
Q468939,sagrestia,2,Q112318659,Asilo e sacrestia della chiesa di SS. Achilleo e Nereo (ex),,,yes,
Q9332842,sala,2,Q106861459,aula dei fedeli,,,yes,
Q1060829,sala da concerto,2,Q16529855,Auditorium di Milano,,,yes,
Q423208,scuola privata,2,Q2534589,Istituto Europeo di Design,,,yes,
Q3958661,sferisterio,2,Q3817461,Kursaal Diana,,,yes,
Q213643,silo,2,Q112320003,Sili della Cascina Battivacco,,,yes,
Q11396960,società di produzione,2,Q5449767,Finarte,,,yes,
Q174814,sottostazione elettrica,2,Q131759705,Casa dell'Energia e dell'Ambiente,,,yes,
Q13691604,squatter's house,2,Q3830487,Leoncavallo,,,yes,
Q27020041,stagione sportiva,2,Q18642550,1957 Summer Deaflympics,,,yes,
Q1207909,stalla,2,Q112319632,Stalla grande con portico della Cascina Ronchetto,,,yes,
Q55490,stazione passante,2,Q22815083,stazione di Milano Porta Garibaldi Passante,,,yes,
Q650399,strada d'alaggio,2,Q106960792,Alzaia naviglio grande,,,yes,
Q750215,strage,2,Q3975736,Strage di Piazzale Loreto,,,yes,
Q6023295,struttura funeraria,2,Q125774989,Edicola Bernocchi,,,yes,
Q1457294,torre ristorante,2,Q134412777,Ristorante Torre (Prada),,,yes,
Q902104,università privata,2,Q1077639,Libera Università di Lingue e Comunicazione IULM,,,yes,
Q15709086,wet moat,2,Q3665046,Cerchia dei Navigli,,,yes,
Q136351774,Ancient Roman imperial palace,1,Q3891628,Palazzo imperiale romano di Milano,,,yes,
Q421253,Apple Store,1,Q56328172,Apple Piazza Liberty,,,yes,
Q3651286,"Camera di commercio, industria, artigianato e agricoltura",1,Q3651288,Camera di commercio di Milano,,,yes,
Q772787,Campionati europei di atletica leggera indoor,1,Q1814307,Campionati europei di atletica leggera indoor 1978,,,yes,
Q202509,Chinatown,1,Q3674984,zona Paolo Sarpi,,,yes,
Q1123813,Concept store,1,Q41753116,Bar Luce,,,yes,
Q15255892,Havel's Place,1,Q129950296,Q129950296,,,yes,
Q428044,Infoshop,1,Q3661596,cascina Torchiera,,,yes,
Q121076356,Istituto museale ad autonomia speciale,1,Q150066,Pinacoteca di Brera,,,yes,
Q61710689,LGBT archive,1,Q113319480,Centro di Documentazione Omologie,,,yes,
Q62128088,LGBT library,1,Q113319480,Centro di Documentazione Omologie,,,yes,
Q130483146,Long fronton,1,Q3958665,sferisterio di via Palermo,,,yes,
Q188740,Museum of Modern Art,1,Q134392381,Corso Di Porta Vigentina 31,,,yes,
Q8287445,Nihonjin gakkō,1,Q17051886,Scuola Giapponese di Milano,,,yes,
Q843181,Schuttberg,1,Q3862045,Monte Stella,,,yes,
Q557206,Università cattolica,1,Q229022,Università Cattolica del Sacro Cuore,,,yes,
Q155511,Vivaismo,1,Q3642888,Bosco di Gioia,,,yes,
Q29167077,Wikimedia Summit,1,Q29169193,Wikimedia Conference 2013,,,yes,
Q160742,abbazia,1,Q860569,abbazia di Chiaravalle,,,yes,
Q699405,abitazione,1,Q16616963,Torre Solea,,,yes,
Q2822241,academy of fine arts,1,Q338472,Accademia di belle arti di Brera,,,yes,
Q414147,accademia delle scienze,1,Q3803773,Istituto Lombardo Accademia di Scienze e Lettere,,,yes,
Q2281788,acquario,1,Q3604681,acquario civico di Milano,,,yes,
Q1248784,aeroporto,1,Q3654662,campo di aviazione di Taliedo,,,yes,
Q134194,affresco,1,Q128910,Ultima Cena,,,yes,
Q7362268,anfiteatro romano,1,Q2844419,anfiteatro romano di Milano,,,yes,
Q131214,antenna,1,Q127947291,Antenna RAI Corso Sempione,,,yes,
Q3618768,antiquarium,1,Q2853355,Antiquarium di Milano,,,yes,
Q259209,archeologia industriale,1,Q134567361,Monumento Ciminiera,,,yes,
Q10605195,archivi d’impresa,1,Q3621644,Archivio Storico Ricordi,,,yes,
Q27032435,archivio accademico,1,Q113298714,Archivio delle tesi di laurea. Università degli studi di Milano,,,yes,
Q3621648,archivio corrente,1,Q81173420,Archivio storico diocesano di Milano,,,yes,
Q17620767,archivio di Stato italiano,1,Q16321278,Archivio di Stato di Milano,,,yes,
Q244904,archivio di deposito,1,Q81173420,Archivio storico diocesano di Milano,,,yes,
Q11906839,archivio diocesano,1,Q81173420,Archivio storico diocesano di Milano,,,yes,
Q1486290,art publisher,1,Q3486319,Skira,,,yes,
Q1797194,arts district,1,Q25408772,Corvetto,,,yes,
Q2072285,atelier,1,Q113166924,Ida Rosa Scotti Atelier,,,yes,
Q217327,attacco suicida,1,Q3797640,incidente aereo al Grattacielo Pirelli,,,yes,
Q494829,autostazione,1,Q108851696,autostazione Milano Lampugnano,,,yes,
Q1589009,azienda privata,1,Q137299660,Scalapay,,,yes,
Q856234,biblioteca accademica,1,Q113610845,Biblioteca San Barnaba dell'Istituto Zaccaria,,,yes,
Q12317349,biblioteca centrale,1,Q85726768,Biblioteca dell'Instituto Cervantes di Milano - Jorge Guillén,,,yes,
Q1236923,biblioteca della cattedrale,1,Q113092717,Biblioteca dell'Archivio capitolare di S. Ambrogio,,,yes,
Q22806,biblioteca nazionale,1,Q771894,Biblioteca nazionale Braidense,,,yes,
Q11834910,biblioteca pubblica statale,1,Q771894,Biblioteca nazionale Braidense,,,yes,
Q5603544,biblioteca verde,1,Q3642895,Boscoincittà,,,yes,
Q131734,birrificio,1,Q24702775,Birrificio Lambrate,,,yes,
Q726870,brick and mortar,1,Q3907789,Pomellato,,,yes,
Q1143635,business school,1,Q3943517,SDA Bocconi School of Management,,,yes,
Q209465,campus,1,Q85860389,Campus Bocconi,,,yes,
Q1457501,cappella cimiteriale,1,Q125809311,cappella Toscanini,,,yes,
Q18050,carcere minorile,1,Q115897871,istituto penale minorile Beccaria,,,yes,
Q18142,casa a torre,1,Q17638797,Torre Tirrena,,,yes,
Q132851597,casa del mutilato,1,Q28038930,Casa del Mutilato,,,yes,
Q1941779,casa di moda,1,Q894874,Bottega Veneta,,,yes,
Q22908,casa di riposo,1,Q858831,Casa Verdi,,,yes,
Q134318865,caserma dei Carabinieri,1,Q112139491,Caserma dei Carabinieri via Copernico 32,,,yes,
Q2977,cattedrale,1,Q734515,chiesa di Santa Maria presso San Celso,,,yes,
Q56242215,cattedrale cattolica,1,Q18068,Duomo di Milano,,,yes,
Q1425560,cavalcavia,1,Q127789512,Cavalcavia Giuseppe Luraghi,,,yes,
Q200297,centrale termoelettrica,1,Q77806790,Centrale elettrica di Santa Radegonda,,,yes,
Q7315155,centro di ricerca,1,Q30266661,Istituto di Fotonica e Nanotecnologie,,,yes,
Q64485049,centro per i test rapidi sulle infezioni sessualmente trasmissibili,1,Q64485035,Milano Checkpoint,,,yes,
Q77115,centro sociale,1,Q4014727,Virus,,,yes,
Q56827005,centro sociale autogestito,1,Q3661596,cascina Torchiera,,,yes,
Q52017007,centro territoriale permanente,1,Q52754978,C.T.P. C/O I.C. Via Console Marcello Mi,,,yes,
Q15823129,certosa,1,Q581827,certosa di Garegnano,,,yes,
Q897399,chamber of commerce and industry,1,Q106704953,German-Italian Chamber of Commerce,,,yes,
Q334383,chiesa abbaziale,1,Q244952,chiesa di Santa Maria delle Grazie,,,yes,
Q105731,chiusa,1,Q17056906,Conca dell'Incoronata,,,yes,
Q14750991,cimitero della Commonwealth War Graves Commission,1,Q69167137,Milan War Cemetery,,,yes,
Q1241568,cimitero di guerra,1,Q3944597,tempio della Vittoria,,,yes,
Q115788834,cimitero monumentale,1,Q608405,cimitero monumentale di Milano,,,yes,
Q1352795,cineteca,1,Q3677227,Cineteca Italiana,,,yes,
Q477396,circo romano,1,Q545495,circo romano di Milano,,,yes,
Q136289073,circonvallazione esterna,1,Q97623117,circonvallazione esterna di Milano,,,yes,
Q515,città,1,Q729978,Mediolanum,,,yes,
Q15661340,città antica,1,Q729978,Mediolanum,,,yes,
Q2202509,città romana,1,Q729978,Mediolanum,,,yes,
Q988108,club,1,Q114968397,Plastic,,,yes,
Q189004,college,1,Q3268949,Liceo Stendhal,,,yes,
Q2668072,collezione,1,Q608405,cimitero monumentale di Milano,,,yes,
Q54050,collina,1,Q3683241,Collina dei Ciliegi,,,yes,
Q3683544,colonna votiva,1,Q868327,colonna del Verziere,,,yes,
Q657100,colonnato,1,Q1053483,Colonne di San Lorenzo,,,yes,
Q2008856,comando militare,1,Q16543109,Comando 1ª regione aerea,,,yes,
Q778575,conglomerato,1,Q134621373,LVMH Italy,,,yes,
Q184644,conservatorio,1,Q2045972,Conservatorio di Musica Giuseppe Verdi,,,yes,
Q194166,consorzio,1,Q30284353,Cefriel,,,yes,
Q6542557,consorzio di biblioteche,1,Q103903096,Sistema bibliotecario di Milano,,,yes,
Q1006835,corso,1,Q106485610,Corso Luigi Manusardi,,,yes,
Q4959031,corte d'appello,1,Q1135546,Corte d'appello di Milano,,,yes,
Q131436863,covered footbridge,1,Q134703916,Ortica Footbridge,,,yes,
Q192619,cripta,1,Q124962520,scurolo di San Carlo,,,yes,
Q1200957,destinazione turistica,1,Q18068,Duomo di Milano,,,yes,
Q99516640,dipinto murale,1,Q128910,Ultima Cena,,,yes,
Q1251750,distilleria,1,Q3747208,Fondazione Prada,,,yes,
Q15243209,distretto storico,1,Q3895376,parco della Resistenza,,,yes,
Q134411314,district or neighborhood of Milano,1,Q134411431,Soupra,,,yes,
Q16966,duomo,1,Q18068,Duomo di Milano,,,yes,
Q159810,economia,1,Q134960348,Ditta Guenzati,,,yes,
Q1528905,edicola,1,Q24939034,Edicola Radetzky,,,yes,
Q112132522,edificio civile storico museo,1,Q55376604,Museo della Basilica di Sant'Eustorgio,,,yes,
Q218653,edificio doganale,1,Q112140828,Dogana via Valtellina 1-3,,,yes,
Q294422,edificio pubblico,1,Q17651738,Questura di Milano,,,yes,
Q24398318,edificio religioso,1,Q3657402,Cappella dei Visconti,,,yes,
Q19844914,edificio universitario,1,Q130314317,Edificio Leonardo Del Vecchio,,,yes,
Q45400320,editore di contenuti liberi,1,Q480470,Fondazione centro di Documentazione Ebraica Contemporanea,,,yes,
Q27968055,edizione di evento ricorrente,1,Q56323261,I Esposizione Triennale di Belle Arti di Milano,,,yes,
Q15893266,entità scomparsa,1,Q71543196,"Teatro ""La piccola Canobbiana""",,,yes,
Q11483816,evento annuale,1,Q16162602,Artigiano in Fiera,,,yes,
Q96371565,ex monastero,1,Q137737834,Monastero Maggiore (Milan),,,yes,
Q64578911,ex ospedale,1,Q3828234,lazzaretto di Milano,,,yes,
Q118868153,facoltà di teologia cattolica,1,Q1708766,Facoltà teologica dell'Italia settentrionale,,,yes,
Q13107184,farmacia,1,Q109157856,Farmacia Bligny,,,yes,
Q123945311,fashion school,1,Q2901181,Istituto Marangoni,,,yes,
Q1406758,fastigio,1,Q3842780,Madonnina,,,yes,
Q3068961,fattoria didattica,1,Q88797228,Cascina Campi,,,yes,
Q953806,fermata di autobus,1,Q108851696,autostazione Milano Lampugnano,,,yes,
Q288514,fiera,1,Q16162602,Artigiano in Fiera,,,yes,
Q116181743,fondazione di una città,1,Q3075623,Fondazione di Milano,,,yes,
Q1062780,foro,1,Q3748448,Foro romano di Milano,,,yes,
Q1785071,forte,1,Q112319864,Rocchetta,,,yes,
Q1134686,frazione,1,Q3744735,Figino,,,yes,
Q90808178,furniture museum,1,Q3701582,Museo dei Mobili e delle Sculture Lignee,,,yes,
Q114023739,galleria di arte fotografica,1,Q1389393,FORMA Centro Internazionale di Fotografia,,,yes,
Q43501,giardino zoologico,1,Q18046599,Zoo di Milano,,,yes,
Q114768,granaio,1,Q112319703,Granaio e rimessa della Cascina Ronchetto,,,yes,
Q1098590,grangia,1,Q2940888,Cascina Linterno,,,yes,
Q16887380,gruppo,1,Q97623117,circonvallazione esterna di Milano,,,yes,
Q2293362,gruppo di sculture,1,Q63859940,I quattro cavalieri dell'apocalisse e il bianco cavallo della pace,,,yes,
Q2460422,guest house,1,Q111123744,Hotel Flora,,,yes,
Q74539696,impianto sportivo demolito,1,Q20008180,campo Acquabella,,,yes,
Q105957588,impianto sportivo universitario,1,Q73904016,stadio Mario Giuriati,,,yes,
Q168983,incendio,1,Q120496214,incendio nella casa di riposo di Milano del 2023,,,yes,
Q744913,incidente aereo,1,Q3797640,incidente aereo al Grattacielo Pirelli,,,yes,
Q1078765,incidente ferroviario,1,Q17633138,Incidente ferroviario dell'Acquabella,,,yes,
Q18247357,insieme di strutture e di edifici,1,Q3962373,Sito espositivo della Expo 2015,,,yes,
Q20437094,installazione,1,Q107089172,Scultura nel cielo (Garau),,,yes,
Q1664720,istituto,1,Q30252791,FIRC Institute of Molecular Oncology,,,yes,
Q23004361,istituzione educativa specializzata,1,Q99006501,Civica scuola di musica Claudio Abbado,,,yes,
Q859247,lazzaretto,1,Q3828234,lazzaretto di Milano,,,yes,
Q3831895,liceo artistico,1,Q52784389,U.Boccioni,,,yes,
Q728937,linea ferroviaria,1,Q3897224,passante ferroviario di Milano,,,yes,
Q93301,locomotiva,1,Q136411011,Locomotiva GR 552 036,,,yes,
Q466544,loggia,1,Q940896,Loggia degli Osii,,,yes,
Q3840711,lungofiume,1,Q106432864,Ripa di Porta Ticinese,,,yes,
Q2221906,luogo,1,Q3962373,Sito espositivo della Expo 2015,,,yes,
Q132510,luogo di mercato,1,Q125504881,Viale Papiniano Market,,,yes,
Q181623,magazzino,1,Q112141418,Magazzino Manutenzione Stabili,,,yes,
Q1734571,map publishing company,1,Q1069349,Touring Club Italiano,,,yes,
Q1618899,marchio di moda,1,Q107034525,Fabiana Filippi,,,yes,
Q671735,mediateca,1,Q32011454,mediateca di Santa Teresa,,,yes,
Q64374896,memoriale della seconda guerra mondiale,1,Q133283134,lapide ai caduti grechesi,,,yes,
Q2080521,mercato coperto,1,Q28668593,mercato rionale coperto di viale Monza,,,yes,
Q5503,metropolitana,1,Q735559,metropolitana di Milano,,,yes,
Q1935147,military training facility,1,Q3953343,"Scuola militare ""Teulié""",,,yes,
Q9134984,monastero secolarizzato,1,Q24231902,monastero di San Vittore al Corpo,,,yes,
Q114124381,monumento ai caduti delle due guerre mondiali,1,Q32117749,Monumento ai Caduti di Porta Romana,,,yes,
Q20011797,monumento commemorativo dell'Olocausto,1,Q3854475,Memoriale della Shoah,,,yes,
Q358,monumento storico,1,Q130324202,Cimitero monumentale di Milano - Monumento BBPR,,,yes,
Q125727479,monumento votivo,1,Q3862625,monumento a San Carlo Borromeo,,,yes,
Q667276,mostra d'arte,1,Q56323261,I Esposizione Triennale di Belle Arti di Milano,,,yes,
Q968159,movimento artistico,1,Q135902760,Gruppo Aleph,,,yes,
Q185187,mulino ad acqua,1,Q42298214,Mulino Vettabbia,,,yes,
Q213468,municipio,1,Q729978,Mediolanum,,,yes,
Q219423,murale,1,Q102256852,murale per Sergio Ramelli,,,yes,
Q5436782,museo della moda,1,Q20008149,Armani Silos,,,yes,
Q17455058,museo della musica,1,Q51099,Museo teatrale alla Scala,,,yes,
Q17000324,museo dello sport,1,Q12238604,San Siro Museum,,,yes,
Q17438516,museo di strumenti musicali,1,Q3867896,Museo degli strumenti musicali,,,yes,
Q1231888,museo diocesano,1,Q1846306,Museo diocesano a Milano,,,yes,
Q3330834,museo egizio,1,Q3868354,Museo egizio di Milano,,,yes,
Q1595639,museo locale,1,Q134392652,Biblioteca del Grano di Milano,,,yes,
Q2772772,museo militare,1,Q3867927,Museo del Risorgimento,,,yes,
Q4306024,museo sull'Olocausto,1,Q3854475,Memoriale della Shoah,,,yes,
Q17000320,museo teatrale,1,Q51099,Museo teatrale alla Scala,,,yes,
Q866133,museo universitario,1,Q64563488,"Museo delle collezioni mineralogiche, gemmologiche, petrografiche e giacimentologiche del Dipartimento di Scienze della Terra ""Ardito Desio""",,,yes,
Q102421356,national pavillon,1,Q136513575,Padiglione Giappone,,,yes,
Q660668,nave scuola,1,Q24074509,Ebe,,,yes,
Q213441,negozio,1,Q112141366,Palazzo della Rinascente,,,yes,
Q123571897,novitiate,1,Q134607598,Noviziato di San Girolamo,,,yes,
Q656720,officina,1,Q112138217,Facoltà di Architettura e Design - Politecnico di Milano,,,yes,
Q149086,omicidio,1,Q3705054,Delitto della Cattolica,,,yes,
Q132821,omicidio volontario,1,Q106541958,omicidio di Sergio Ramelli,,,yes,
Q108667555,one-way station,1,Q135661059,Vigentino,,,yes,
Q160645,orfanotrofio,1,Q112138299,Istituto Milanese Martinitt e Stelline,,,yes,
Q55097243,organizzazione soppressa,1,Q3705804,Derby Club,,,yes,
Q958822,ospedale ginecologico,1,Q116153015,Ospedale Macedonio Melloni,,,yes,
Q22914759,ospedale per donne,1,Q116153015,Ospedale Macedonio Melloni,,,yes,
Q4284971,ospedale privato,1,Q3145229,ospedale San Raffaele,,,yes,
Q7257872,ospedale pubblico,1,Q1413761,Policlinico di Milano,,,yes,
Q255595,ossario,1,Q126680194,ossario del cimitero monumentale,,,yes,
Q1254933,osservatorio astronomico,1,Q1580885,osservatorio astronomico di Brera,,,yes,
Q654772,ostello,1,Q111084326,MEININGER Milano Lambrate,,,yes,
Q9325291,outdoor sculpture,1,Q3842780,Madonnina,,,yes,
Q14204246,pagina interna di un progetto Wikimedia,1,Q29169193,Wikimedia Conference 2013,,,yes,
Q1137809,palazzo di giustizia,1,Q3891583,Palazzo di Giustizia,,,yes,
Q274393,panificio,1,Q100928198,Luini,,,yes,
Q3363945,parco archeologico,1,Q55391877,"parco dell’anfiteatro romano e Antiquarium ""Alda Levi""",,,yes,
Q728904,parco naturale,1,Q42298338,parco della Vettabbia,,,yes,
Q102496,parrocchia ecclesiastica,1,Q64520000,chiesa di San Giovanni Battista in Trenno,,,yes,
Q861651,pasticceria,1,Q2932911,pasticceria Cova,,,yes,
Q131542697,piazza della cattedrale,1,Q51108,piazza del Duomo,,,yes,
Q98446058,piazza della chiesa,1,Q3902295,piazza San Fedele,,,yes,
Q19689353,pilot suicide,1,Q3797640,incidente aereo al Grattacielo Pirelli,,,yes,
Q357380,piscina coperta,1,Q16590833,piscina Cozzi,,,yes,
Q1501212,pizzeria,1,Q131870566,La Gravina,,,yes,
Q148319,planetario,1,Q3906237,civico planetario Ulrico Hoepli,,,yes,
Q1371037,politecnico,1,Q392904,Politecnico di Milano,,,yes,
Q2948561,polo fieristico,1,Q3744629,Fieramilanocity,,,yes,
Q846929,ponte di comando,1,Q136410950,facciata del ponte di comando del transatlantico Conte Biancamano,,,yes,
Q36794,porta,1,Q50328925,porta del duomo di Castiglioni,,,yes,
Q854429,portale,1,Q112318571,Ingresso di Porta Domodossola alla Fiera di Milano,,,yes,
Q863915,porto fluviale,1,Q55440494,porto fluviale di Mediolanum,,,yes,
Q23418,postierla,1,Q112319701,Pusterla di S. Ambrogio,,,yes,
Q43483,pozzo,1,Q115729407,Pozzo del Broletto,,,yes,
Q1076052,preschool,1,Q52956336,Scuola Dell'Infanzia Ratti Welcher Clotilde,,,yes,
Q130326199,preserved watercraft,1,Q1056346,Enrico Toti,,,yes,
Q3280253,professed house,1,Q134582279,Professed House of Milan,,,yes,
Q212198,pub,1,Q134412777,Ristorante Torre (Prada),,,yes,
Q6017969,punto di vista panoramico,1,Q107552561,Torre A2A,,,yes,
Q738570,quartiere degli affari,1,Q3664701,centro direzionale di Milano,,,yes,
Q568225,refettorio,1,Q112318786,Refettorio (ex) del convento di S. Maria delle Grazie,,,yes,
Q53536964,residenza reale,1,Q51105,Palazzo Reale di Milano,,,yes,
Q30301498,residenza universitaria,1,Q130308221,Residenza Bligny (Bocconi University),,,yes,
Q3661265,residenza universitaria,1,Q138679369,Pensionato Universitario Bertoni,,,yes,
Q389959,rifugio antiaereo,1,Q107486876,Fontana monumento a Giuseppe Grandi,,,yes,
Q920600,rigenerazione urbana,1,Q133852414,Scalo Romana,,,yes,
Q245117,rilievo,1,Q56605032,Sette rilievi in via Terraggio,,,yes,
Q13410445,rione,1,Q3931234,Rebecchino,,,yes,
Q109607,rovine,1,Q136440672,resti della chiesa di San Bernardo,,,yes,
Q1763828,sala polivalente,1,Q3889169,PalaSharp,,,yes,
Q29553,santuario,1,Q124294699,Santuario del Sacro Cuore,,,yes,
Q12511,scala,1,Q131578332,Scalinata di Villa Necchi Campiglio,,,yes,
Q1021290,scuola di musica,1,Q99006501,Civica scuola di musica Claudio Abbado,,,yes,
Q14911880,seminario,1,Q112142261,Seminario arcivescovile,,,yes,
Q173387,sepoltura,1,Q135022213,Besenzanica grave,,,yes,
Q274153,serbatoio idrico a torre,1,Q110409361,Torre Arcobaleno,,,yes,
Q34627,sinagoga,1,Q3961354,tempio Centrale Hechal David u-Mordechai,,,yes,
Q35127,sito web,1,Q130538442,YouMath,,,yes,
Q15648878,società a responsabilità limitata,1,Q123927197,Istituto Italiano di Fotografia,,,yes,
Q955824,società scientifica,1,Q3661251,Casa della Cultura,,,yes,
Q847017,società sportiva,1,Q111569419,A.S.D. Centro Schuster,,,yes,
Q2811,sottomarino,1,Q1056346,Enrico Toti,,,yes,
Q294440,spazio pubblico,1,Q3862045,Monte Stella,,,yes,
Q12019965,stadio del ghiaccio,1,Q64825395,Arena Santa Giulia,,,yes,
Q589481,stadio olimpico,1,Q133566,stadio Giuseppe Meazza,,,yes,
Q460336,state police,1,Q107111620,"Polizia di Stato - Commissariato ""Porta Ticinese""",,,yes,
Q29168169,statua colossale su Gesù,1,Q125756309,Statua del Cristo Benedicente,,,yes,
Q134082204,statua di Maria,1,Q3842780,Madonnina,,,yes,
Q28532565,stazione di posta,1,Q112140740,ex stazione di posta di Rogoredo,,,yes,
Q519608,stazione di smistamento,1,Q3951446,Scalo di Milano Smistamento,,,yes,
Q11670533,stazione sopraelevata,1,Q2258190,Cascina Gobba,,,yes,
Q1571667,strada sopraelevata,1,Q101535168,cavalcavia Monte Ceneri-Serra,,,yes,
Q7624088,strip mall,1,Q113483560,Scalo Romana,,,yes,
Q4260475,struttura medica,1,Q3664791,Centro cardiologico Monzino,,,yes,
Q746369,studio di registrazione,1,Q3671553,chiesa di San Paolo Converso,,,yes,
Q200023,swimming center,1,Q3632900,Bagno di Diana,,,yes,
Q19757,teatro romano,1,Q3982368,Teatro romano di Milano,,,yes,
Q145765,tensostruttura,1,Q25393396,Teatro Tenda,,,yes,
Q6581615,terme romane,1,Q3984381,Terme Erculee,,,yes,
Q20202072,terminus,1,Q22806967,San Cristoforo,,,yes,
Q47443726,torneo di tennis ricorrente,1,Q21210885,Torneo Avvenire,,,yes,
Q1068623,torre di trasmissione,1,Q3664908,Centro trasmittente di Milano,,,yes,
Q7882213,unaccredited institution of higher education,1,Q104177316,Università Popolare degli Studi di Milano,,,yes,
Q62078547,università pubblica di ricerca,1,Q46210,Università degli Studi di Milano,,,yes,
Q42889,veicolo,1,Q136410950,facciata del ponte di comando del transatlantico Conte Biancamano,,,yes,
Q170483,veliero,1,Q24074509,Ebe,,,yes,
Q22652,verde urbano,1,Q3862045,Monte Stella,,,yes,
Q181348,viadotto,1,Q97743854,viadotto dei Parchi,,,yes,
Q7543083,viale,1,Q55009455,Via Porticata,,,yes,
Q53541099,villa reale,1,Q839379,villa Reale di Milano,,,yes,
Q866623,villaggio olimpico,1,Q112134535,Villaggio Olimpico di Milano,,,yes,
Q3399774,violenza politica,1,Q106541958,omicidio di Sergio Ramelli,,,yes,
Q1362225,warehouse,1,Q55069849,Horrea di Milano,,,yes,
